{
  "еврейская автономная область": 5.001254071561055,
  "ненецкий автономный округ (архангельская область)": 5.001254071561055,
  "республика алтай": 5.001254071561055,
  "республика калмыкия": 5.001254071561055,
  "республика тыва": 5.001254071561055,
  "республика северная осетия-алания": 5.115711337799482,
  "чеченская республика": 5.167291013359195,
  "республика адыгея (адыгея)": 5.178380185049026,
  "республика хакасия": 5.181178305551645,
  "карачаево-черкесская республика": 5.201990373217855,
  "магаданская область": 5.228864842504309,
  "чукотский автономный округ": 5.228864842504309,
  "город федерального значения севастополь": 5.26598714284325,
  "республика ингушетия": 5.26598714284325,
  "республика бурятия": 5.3239509875681446,
  "кабардино-балкарская республика": 5.343581998381916,
  "камчатский край": 5.363374419256843,
  "ханты-мансийский автономный округ - югра (тюменская область)": 5.363454227651513,
  "ямало-ненецкий автономный округ (тюменская область)": 5.401756684689466,
  "астраханская область": 5.420496237191324,
  "курганская область": 5.441432914516293,
  "архангельская область (кроме ненецкого автономного округа)": 5.4751064992165865,
  "орловская область": 5.554523105863628,
  "ивановская область": 5.556455722788866,
  "сахалинская область": 5.568654387124949,
  "республика коми": 5.5922834886457204,
  "республика карелия": 5.606717542531786,
  "костромская область": 5.614760920105108,
  "забайкальский край": 5.623703875039906,
  "псковская область": 5.625632302655027,
  "мурманская область": 5.6362372371602225,
  "амурская область": 5.660190877760039,
  "кемеровская область - кузбасс": 5.662256087322583,
  "ульяновская область": 5.735043166811121,
  "курская область": 5.744143677980843,
  "тамбовская область": 5.75660049050413,
  "новгородская область": 5.757218421967775,
  "калининградская область": 5.784321647045842,
  "республика дагестан": 5.834579781681274,
  "республика марий эл": 5.854968245839516,
  "смоленская область": 5.882033231981036,
  "республика саха (якутия)": 5.888650876535259,
  "омская область": 5.928393469396786,
  "город москва столица российской федерации город федерального значения": 5.935875385556,
  "вологодская область": 5.9570380251648585,
  "томская область": 5.986045438742222,
  "республика мордовия": 6.033844479967377,
  "пензенская область": 6.0464602146203985,
  "удмуртская республика": 6.0509513759551945,
  "чувашская республика - чувашия": 6.071574913367938,
  "самарская область": 6.078832734317887,
  "тюменская область (кроме ханты-мансийского автономного округа-югры и ямало-ненецкого автономного округа)": 6.119840060708048,
  "брянская область": 6.12761916651359,
  "ярославская область": 6.147928620183791,
  "республика крым": 6.157085229857907,
  "хабаровский край": 6.215184579774508,
  "ставропольский край": 6.233471273015382,
  "приморский край": 6.242249074678646,
  "кировская область": 6.307898197792564,
  "саратовская область": 6.3235674952908,
  "пермский край": 6.346399135598876,
  "иркутская область": 6.382897948288614,
  "алтайский край": 6.414512284487352,
  "рязанская область": 6.416468572181039,
  "калужская область": 6.458734999098882,
  "тульская область": 6.522647968284724,
  "республика татарстан (татарстан)": 6.53467674699539,
  "воронежская область": 6.5456489329916545,
  "красноярский край": 6.550402663089075,
  "оренбургская область": 6.5530670249057765,
  "волгоградская область": 6.55458588157884,
  "липецкая область": 6.5671214250356496,
  "тверская область": 6.58296673489766,
  "белгородская область": 6.588520120360708,
  "ростовская область": 6.6186229852698135,
  "свердловская область": 6.690994154340795,
  "челябинская область": 6.763644390109792,
  "краснодарский край": 6.767672000360383,
  "владимирская область": 6.776598177067761,
  "город санкт-петербург город федерального значения": 6.7865282812960475,
  "республика башкортостан": 6.852473414094987,
  "новосибирская область": 6.887482076290171,
  "ленинградская область": 6.888218973065267,
  "нижегородская область": 6.939053356194904,
  "московская область": 7.196506601572093
}