{
  "еврейская автономная область": 5.001151917333689,
  "ненецкий автономный округ (архангельская область)": 5.001151917333689,
  "республика алтай": 5.001151917333689,
  "республика калмыкия": 5.001151917333689,
  "республика тыва": 5.001151917333689,
  "республика северная осетия-алания": 5.109669058295326,
  "республика адыгея (адыгея)": 5.1679888630483335,
  "республика хакасия": 5.171715760799406,
  "карачаево-черкесская республика": 5.1809112380706255,
  "магаданская область": 5.216905386914573,
  "чукотский автономный округ": 5.216905386914573,
  "чеченская республика": 5.251144731775208,
  "город федерального значения севастополь": 5.260559313407719,
  "республика ингушетия": 5.260559313407719,
  "камчатский край": 5.33005860123638,
  "кабардино-балкарская республика": 5.356533504850693,
  "ханты-мансийский автономный округ - югра (тюменская область)": 5.364961662760125,
  "курганская область": 5.40390516386367,
  "астраханская область": 5.432722568265175,
  "ямало-ненецкий автономный округ (тюменская область)": 5.46077511794782,
  "республика бурятия": 5.476023268198943,
  "сахалинская область": 5.5078745075498015,
  "республика карелия": 5.532061414648357,
  "архангельская область (кроме ненецкого автономного округа)": 5.537110275292779,
  "костромская область": 5.554636410768392,
  "орловская область": 5.559361267176761,
  "ивановская область": 5.567860791829185,
  "псковская область": 5.576299636556609,
  "республика коми": 5.638102557180222,
  "новгородская область": 5.6852384159932186,
  "ульяновская область": 5.686406851285866,
  "кемеровская область - кузбасс": 5.6989498187241505,
  "мурманская область": 5.7094362015981694,
  "калининградская область": 5.717894268801037,
  "амурская область": 5.73647327748443,
  "тамбовская область": 5.745452237147868,
  "забайкальский край": 5.7560729114144955,
  "республика марий эл": 5.789705302668541,
  "курская область": 5.867417685878054,
  "смоленская область": 5.868869564885807,
  "республика дагестан": 5.907430863928686,
  "город москва столица российской федерации город федерального значения": 5.914069541385426,
  "томская область": 5.937645311304271,
  "республика саха (якутия)": 5.967716267473441,
  "вологодская область": 6.000643819374585,
  "республика мордовия": 6.001073238437269,
  "пензенская область": 6.021075759005233,
  "омская область": 6.040414185378104,
  "самарская область": 6.048465671124856,
  "чувашская республика - чувашия": 6.058435605007681,
  "удмуртская республика": 6.123011399711416,
  "тюменская область (кроме ханты-мансийского автономного округа-югры и ямало-ненецкого автономного округа)": 6.132790536512344,
  "приморский край": 6.175140523135902,
  "ярославская область": 6.181720535275061,
  "брянская область": 6.214557448118076,
  "республика крым": 6.222893515831855,
  "хабаровский край": 6.241134123256019,
  "кировская область": 6.263415523874384,
  "ставропольский край": 6.2937430388467055,
  "пермский край": 6.322870578455399,
  "иркутская область": 6.368598289262387,
  "саратовская область": 6.385994825532362,
  "калужская область": 6.440732054609362,
  "тульская область": 6.459226231939398,
  "белгородская область": 6.468346652078328,
  "республика татарстан (татарстан)": 6.480503551592099,
  "рязанская область": 6.485674303382492,
  "алтайский край": 6.490020069824175,
  "воронежская область": 6.527617288201411,
  "свердловская область": 6.539308510951042,
  "оренбургская область": 6.54016819674289,
  "красноярский край": 6.548566940734894,
  "липецкая область": 6.558710044966952,
  "ростовская область": 6.605114187687195,
  "волгоградская область": 6.615405387991448,
  "тверская область": 6.640492568655008,
  "челябинская область": 6.665580450222954,
  "владимирская область": 6.688630581167074,
  "город санкт-петербург город федерального значения": 6.769636412358321,
  "ленинградская область": 6.775055788043668,
  "краснодарский край": 6.791703219297995,
  "новосибирская область": 6.816269193009186,
  "республика башкортостан": 6.8241470774875905,
  "нижегородская область": 6.886569169573267,
  "московская область": 7.213718468141612
}