{
  "алтайский край": {
    "выращивание однолетних культур": [
      0.00031519484961025794,
      0.636378401363111
    ],
    "выращивание многолетних культур": [
      0.00023089234289809104,
      0.4661716403112459
    ],
    "животноводство": [
      0.00023543288269594408,
      0.4753389901631112
    ],
    "смешанное сельское хозяйство": [
      0.0002614750542426863,
      0.5279181345159839
    ],
    "деятельность вспомогательная в области производства сельскохозяйственных культур и послеуборочной обработки сельхозпродукции": [
      0.00019117681297386738,
      0.38598598539423834
    ],
    "охота, отлов и отстрел диких животных, включая предоставление услуг в этих областях": [
      0.00033576164052891757,
      0.6779027522278847
    ],
    "лесоводство и прочая лесохозяйственная деятельность": [
      0.00014014803831765543,
      0.2829588893633464
    ],
    "лесозаготовки": [
      0.00020435457534489788,
      0.4125918876213489
    ],
    "предоставление услуг в области лесоводства и лесозаготовок": [
      0.00012348063718154622,
      0.24930740646954191
    ],
    "рыболовство": [
      1.8608767418576737e-05,
      0.03757110141810645
    ],
    "рыбоводство": [
      1.886008974885452e-05,
      0.03807852120293729
    ]
  },
  "амурская область": {
    "выращивание однолетних культур": [
      0.00043324247983172337,
      0.8747165667802499
    ],
    "выращивание многолетних культур": [
      2.665233317459933e-05,
      0.053811060679516076
    ],
    "животноводство": [
      9.368488724669717e-05,
      0.18914978735108162
    ],
    "смешанное сельское хозяйство": [
      0.0002537327000020396,
      0.5122863213041182
    ],
    "деятельность вспомогательная в области производства сельскохозяйственных культур и послеуборочной обработки сельхозпродукции": [
      0.00020022524310524975,
      0.4042547658294994
    ],
    "охота, отлов и отстрел диких животных, включая предоставление услуг в этих областях": [
      0.00026774529505014535,
      0.5405777507062437
    ],
    "лесоводство и прочая лесохозяйственная деятельность": [
      0.0012282635132117256,
      2.479864033174475
    ],
    "лесозаготовки": [
      0.0002817765086787573,
      0.5689067710224112
    ],
    "предоставление услуг в области лесоводства и лесозаготовок": [
      0.000494946686087718,
      0.999297359211103
    ],
    "рыболовство": [
      3.132414276454447e-05,
      0.06324344424161531
    ],
    "рыбоводство": [
      1.0972475219238431e-05,
      0.0221534274676424
    ]
  },
  "архангельская область (кроме ненецкого автономного округа)": {
    "выращивание однолетних культур": [
      5.037198169265062e-06,
      0.010170103103746164
    ],
    "выращивание многолетних культур": [
      -0.0,
      0.0
    ],
    "животноводство": [
      8.725960809520546e-05,
      0.17617714874421986
    ],
    "смешанное сельское хозяйство": [
      0.00025023725437240156,
      0.5052290165778789
    ],
    "деятельность вспомогательная в области производства сельскохозяйственных культур и послеуборочной обработки сельхозпродукции": [
      8.316133074114897e-05,
      0.1679027267663798
    ],
    "охота, отлов и отстрел диких животных, включая предоставление услуг в этих областях": [
      0.0007608041965480082,
      1.536063672830429
    ],
    "лесоводство и прочая лесохозяйственная деятельность": [
      0.0002768025360686035,
      0.5588643203225107
    ],
    "лесозаготовки": [
      0.0017942570640426439,
      3.622605012302099
    ],
    "предоставление услуг в области лесоводства и лесозаготовок": [
      0.0012864104408504948,
      2.59726268007715
    ],
    "рыболовство": [
      0.001398535535308088,
      2.8236432457870304
    ],
    "рыбоводство": [
      0.0001643789866912575,
      0.331881174129649
    ]
  },
  "астраханская область": {
    "выращивание однолетних культур": [
      0.00015463058571873358,
      0.3121991525661232
    ],
    "выращивание многолетних культур": [
      5.547782792656155e-06,
      0.01120097345837278
    ],
    "животноводство": [
      7.911096357359314e-05,
      0.15972503545508457
    ],
    "смешанное сельское хозяйство": [
      4.198705042736818e-05,
      0.0847718548128564
    ],
    "деятельность вспомогательная в области производства сельскохозяйственных культур и послеуборочной обработки сельхозпродукции": [
      0.0011502177083615045,
      2.3222895531818786
    ],
    "охота, отлов и отстрел диких животных, включая предоставление услуг в этих областях": [
      0.00014644953501043937,
      0.2956816111860772
    ],
    "лесоводство и прочая лесохозяйственная деятельность": [
      0.0004073556213978485,
      0.8224509996022565
    ],
    "лесозаготовки": [
      3.5024361621732036e-07,
      0.00070714186114277
    ],
    "предоставление услуг в области лесоводства и лесозаготовок": [
      2.1140561514894623e-06,
      0.004268279369857225
    ],
    "рыболовство": [
      0.002707308312365911,
      5.466055482666777
    ],
    "рыбоводство": [
      0.004165721559159072,
      8.41059182794217
    ]
  },
  "белгородская область": {
    "выращивание однолетних культур": [
      0.00018421859663325088,
      0.37193734660253364
    ],
    "выращивание многолетних культур": [
      0.00046655276408546505,
      0.9419700306885542
    ],
    "животноводство": [
      0.00035081647446094313,
      0.7082984619366445
    ],
    "смешанное сельское хозяйство": [
      0.0003467456710566235,
      0.700079509863323
    ],
    "деятельность вспомогательная в области производства сельскохозяйственных культур и послеуборочной обработки сельхозпродукции": [
      0.00021014296879926287,
      0.4242786540057119
    ],
    "охота, отлов и отстрел диких животных, включая предоставление услуг в этих областях": [
      4.486930192998571e-05,
      0.09059112059664118
    ],
    "лесоводство и прочая лесохозяйственная деятельность": [
      8.84256008989042e-05,
      0.17853128821488762
    ],
    "лесозаготовки": [
      7.752033154881751e-06,
      0.015651354939706263
    ],
    "предоставление услуг в области лесоводства и лесозаготовок": [
      7.421172362382594e-05,
      0.1498334699965046
    ],
    "рыболовство": [
      1.1640137262334046e-05,
      0.023501437132652445
    ],
    "рыбоводство": [
      0.00010783990101841202,
      0.21772876015617396
    ]
  },
  "брянская область": {
    "выращивание однолетних культур": [
      0.00029498642603436904,
      0.5955775941633912
    ],
    "выращивание многолетних культур": [
      0.00011399953670541285,
      0.23016506460822864
    ],
    "животноводство": [
      0.0002786412974623016,
      0.562576779576387
    ],
    "смешанное сельское хозяйство": [
      1.745247282917026e-05,
      0.03523654264209477
    ],
    "деятельность вспомогательная в области производства сельскохозяйственных культур и послеуборочной обработки сельхозпродукции": [
      0.00030813705295094045,
      0.622128709907949
    ],
    "охота, отлов и отстрел диких животных, включая предоставление услуг в этих областях": [
      0.00023736793304145136,
      0.47924585681069054
    ],
    "лесоводство и прочая лесохозяйственная деятельность": [
      0.00021059502828901723,
      0.4251913621155259
    ],
    "лесозаготовки": [
      7.051644424705695e-05,
      0.14237270093480803
    ],
    "предоставление услуг в области лесоводства и лесозаготовок": [
      0.00029464016934056185,
      0.5948785018985945
    ],
    "рыболовство": [
      -0.0,
      0.0
    ],
    "рыбоводство": [
      1.974887028312495e-05,
      0.03987296910162929
    ]
  }
}