{
  "2019": {
    "алтайский край": {
      "выращивание однолетних культур": 1.2727568027262217,
      "выращивание многолетних культур": 0.9323432806224917,
      "животноводство": 0.9506779803262223,
      "смешанное сельское хозяйство": 1.0558362690319676,
      "деятельность вспомогательная в области производства сельскохозяйственных культур и послеуборочной обработки сельхозпродукции": 0.7719719707884766,
      "охота, отлов и отстрел диких животных, включая предоставление услуг в этих областях": 1.3558055044557693,
      "лесоводство и прочая лесохозяйственная деятельность": 0.5659177787266927,
      "лесозаготовки": 0.8251837752426977,
      "предоставление услуг в области лесоводства и лесозаготовок": 0.4986148129390837,
      "рыболовство": 0.07514220283621288,
      "рыбоводство": 0.07615704240587456
    },
    "амурская область": {
      "выращивание однолетних культур": 1.7494331335604993,
      "выращивание многолетних культур": 0.10762212135903212,
      "животноводство": 0.3782995747021632,
      "смешанное сельское хозяйство": 1.0245726426082362,
      "деятельность вспомогательная в области производства сельскохозяйственных культур и послеуборочной обработки сельхозпродукции": 0.8085095316589986,
      "охота, отлов и отстрел диких животных, включая предоставление услуг в этих областях": 1.0811555014124872,
      "лесоводство и прочая лесохозяйственная деятельность": 4.959728066348949,
      "лесозаготовки": 1.137813542044822,
      "предоставление услуг в области лесоводства и лесозаготовок": 1.9985947184222055,
      "рыболовство": 0.1264868884832306,
      "рыбоводство": 0.044306854935284794
    },
    "архангельская область (кроме ненецкого автономного округа)": {
      "выращивание однолетних культур": 0.020340206207492325,
      "выращивание многолетних культур": 0,
      "животноводство": 0.35235429748843966,
      "смешанное сельское хозяйство": 1.0104580331557576,
      "деятельность вспомогательная в области производства сельскохозяйственных культур и послеуборочной обработки сельхозпродукции": 0.3358054535327596,
      "охота, отлов и отстрел диких животных, включая предоставление услуг в этих областях": 3.0721273456608578,
      "лесоводство и прочая лесохозяйственная деятельность": 1.117728640645021,
      "лесозаготовки": 7.245210024604197,
      "предоставление услуг в области лесоводства и лесозаготовок": 5.194525360154299,
      "рыболовство": 5.64728649157406,
      "рыбоводство": 0.6637623482592979
    },
    "астраханская область": {
      "выращивание однолетних культур": 0.6243983051322463,
      "выращивание многолетних культур": 0.022401946916745557,
      "животноводство": 0.3194500709101691,
      "смешанное сельское хозяйство": 0.16954370962571275,
      "деятельность вспомогательная в области производства сельскохозяйственных культур и послеуборочной обработки сельхозпродукции": 4.644579106363756,
      "охота, отлов и отстрел диких животных, включая предоставление услуг в этих областях": 0.5913632223721543,
      "лесоводство и прочая лесохозяйственная деятельность": 1.6449019992045129,
      "лесозаготовки": 0.0014142837222855399,
      "предоставление услуг в области лесоводства и лесозаготовок": 0.008536558739714449,
      "рыболовство": 10.932110965333552,
      "рыбоводство": 16.821183655884337
    },
    "белгородская область": {
      "выращивание однолетних культур": 0.7438746932050672,
      "выращивание многолетних культур": 1.8839400613771082,
      "животноводство": 1.4165969238732887,
      "смешанное сельское хозяйство": 1.4001590197266458,
      "деятельность вспомогательная в области производства сельскохозяйственных культур и послеуборочной обработки сельхозпродукции": 0.8485573080114237,
      "охота, отлов и отстрел диких животных, включая предоставление услуг в этих областях": 0.18118224119328233,
      "лесоводство и прочая лесохозяйственная деятельность": 0.3570625764297752,
      "лесозаготовки": 0.03130270987941252,
      "предоставление услуг в области лесоводства и лесозаготовок": 0.2996669399930092,
      "рыболовство": 0.04700287426530488,
      "рыбоводство": 0.43545752031234786
    },
    "брянская область": {
      "выращивание однолетних культур": 1.1911551883267824,
      "выращивание многолетних культур": 0.4603301292164572,
      "животноводство": 1.125153559152774,
      "смешанное сельское хозяйство": 0.07047308528418952,
      "деятельность вспомогательная в области производства сельскохозяйственных культур и послеуборочной обработки сельхозпродукции": 1.2442574198158978,
      "охота, отлов и отстрел диких животных, включая предоставление услуг в этих областях": 0.9584917136213809,
      "лесоводство и прочая лесохозяйственная деятельность": 0.8503827242310517,
      "лесозаготовки": 0.284745401869616,
      "предоставление услуг в области лесоводства и лесозаготовок": 1.189757003797189,
      "рыболовство": 0,
      "рыбоводство": 0.07974593820325857
    }
  }
}